#BRANCH
#INSERT INTO course (id,title,license) VALUES (1,"Private Pilot","Private Pilot Licence");
#INSERT INTO course (id,title,license) VALUES (2,"Multi-Crew Pilot","Multi-Crew Pilot Licence");
#INSERT INTO course (id,title,license) VALUES (3,"Airline Transport Pilot","Airline Transport Pilot Licence");
#INSERT INTO course (id,title,license) VALUES (4,"Commercial Pilot","Commercial Pilot Licence")

#TERM
#INSERT INTO term (id,course_id) VALUES (11,1);
#INSERT INTO term (id,course_id) VALUES (12,1);
#INSERT INTO term (id,course_id) VALUES (13,1);
#INSERT INTO term (id,course_id) VALUES (14,1);

#INSERT INTO term (id,course_id) VALUES (21,2);
#INSERT INTO term (id,course_id) VALUES (22,2);
#INSERT INTO term (id,course_id) VALUES (23,2);
#INSERT INTO term (id,course_id) VALUES (24,2);

#INSERT INTO term (id,course_id) VALUES (31,3);
#INSERT INTO term (id,course_id) VALUES (32,3);
#INSERT INTO term (id,course_id) VALUES (33,3);
#INSERT INTO term (id,course_id) VALUES (34,3);

#INSERT INTO term (id,course_id) VALUES (41,4);
#INSERT INTO term (id,course_id) VALUES (42,4);
#INSERT INTO term (id,course_id) VALUES (43,4);
#INSERT INTO term (id,course_id) VALUES (44,4);

select * from term;


#ACCOUNT
#INSERT INTO `account` VALUES ('1','sanford25','a6fff87b77a8fa0b6cc30682668f424cd9d',' Customer'),
('2','mbrakus','6de5dd3e97d939607ce087073789cd5a32b',' Customer'),
('3','lbechtelar','3aa642a6313087fe322f6dd0d3981d2abcd','Mechanic'),
('4','magali63','7fba364618aecebfd1df0c7c90006a58f71','Mechanic'),
('5','graham.ahmad','0f3c74afb1a6849e1af5c235a0587bae3e2',' Instructor'),
('6','kautzer.evans','2dc59d3d485719b277c9033c0a1321f9b28','Mechanic'),
('7','beier.bria','f0c547b8c8a8c55cda45135a68becaf024b','Mechanic'),
('8','heller.cyrus','fe0de924375f32023314966ac69fb6fd028','Mechanic'),
('9','eriberto92','30fc8f288c18fc08668a37452e65357117c',' Instructor'),
('10','ehilpert','85af5a72010d6bd44d90ac08d7936539fad',' Instructor'),
('11','ritchie.mallory','e074cbedab81df613ff6d5cb3dfdde9fca8',' Instructor'),
('12','omonahan','b2651d5d02e4c01d8dffd5a2ec4ccc958c8',' Customer'),
('13','lorna58','988f64a9a9f53ac8c0add32f523fd8f36ec',' Instructor'),
('14','pollich.cruz','17c17078dff229d9429130cb4e17d77d42e',' Customer'),
('15','hmann','9c1df356c98c0c562dd5c3e37baabd903ca','Mechanic'),
('16','fbalistreri','91315db9a5f152c65f6cf1b0d300a165756',' Customer'),
('17','jaida15','24b18b9dec230afe88e6eff49d03c3b7527',' Instructor'),
('18','peyton59','563fab04d21b3d2e1c377c90b4782858311',' Instructor'),
('19','witting.annamae','7b90634367d453a96a6231c4d77e0565808','Mechanic'),
('20','jarrell.gutmann','fc2e029cac7de8f88c7589285a9e225a0b6',' Instructor'),
('21','areichert','ab5dc01588bbf06ef5689314c8bb4470458','Mechanic'),
('22','joe68','cddf522fbbaa4b716b45a86c3cb6294b6ef',' Instructor'),
('23','kameron.hoppe','af298e22e0d41f1ed0b44599361eb1c1e81','Mechanic'),
('24','xmitchell','6e38d8972928a95a96d1c0971b9debb8318',' Instructor'),
('25','edgar27','aed766f82a61b2c46795f9c411d6bd33430',' Customer'),
('26','fcollins','afd267b3bf593843466af89f9505deb46ca','Mechanic'),
('27','rath.terence','73117757a9e2aafbe8288a869da7aeff345',' Instructor'),
('28','deffertz','cac728647e3b53f42ccbaaf16886f61b210',' Instructor'),
('29','eduardo12','b6b590d24658399209bb5cb214d6ad00a06',' Customer'),
('30','libby.hudson','4380725a531dd770e5764da40bdad2d745b','Mechanic'),
('31','lmarks','9de96207ea945cccd645bda8676b2ab25d9',' Customer'),
('32','linnea99','e49759b63498ae35bb25fa01afcd14c4f70','Mechanic'),
('33','klangworth','041db45680893d7e65ad7f4939c81d638b6',' Instructor'),
('34','jeffery95','d0d446e76b8d492171fc159666faed647ff','Mechanic'),
('35','yvonne40','d311898c2724252b70620a92a41ca10b11f',' Customer'),
('36','catalina44','8c426455f7738dd1ec606f99116ca63e7a3',' Instructor'),
('37','cade92','2e43c89249251cf803b41744cfc6f3d5dc4',' Instructor'),
('38','hayley55','0a6a67d378208475c1ad2204a366d2b751a','Mechanic'),
('39','melvin.buckridge','2604a8d26b544ddf8156fbe2f84820e8f35',' Instructor'),
('40','bmcglynn','6338ba4788694b715224794f426d7d3bd64',' Instructor'),
('41','rowe.shirley','025ee1fc7563a0d5fd3da795df0bda186b3',' Customer'),
('42','lavern.rosenbaum','11d16f7d96fe1c85acb71509961e1001268',' Instructor'),
('43','paucek.alvena','af87e388971e175a403c87682760e89cc0e',' Instructor'),
('44','adelia04','4cd0cd5bec82e72290caf8391044882bdd7',' Instructor'),
('45','pweissnat','5fc4cf1e022dabe0644d6d8ad7d62f7d5db','Mechanic'),
('46','jerry91','753686e085462643ad9da0e28cb76b79c5a','Mechanic'),
('47','greta.effertz','4e539622435ce19f16191931f3b417006cc',' Customer'),
('48','mpfeffer','8ef3fd461be74b8925fa7035fb397ba4b57',' Customer'),
('49','feil.marley','17089994ad236a91f2908106ea7bd733773',' Customer'),
('50','ostrosin','62538f7c86c46e9481c90280c7fa2fd9b36','Mechanic'),
('51','smitham.sheridan','55c824927b0611461594d4b72dfa4949a7c',' Instructor'),
('52','esperanza.balistreri','00736eb44f6f07c1777aeca7003aed30609',' Customer'),
('53','joshuah50','e8dc5efd13e70b83619a64ecb248754b735',' Instructor'),
('54','jjerde','9e0baf87ec6fbe6681ea9611138d792586b','Mechanic'),
('55','ewell.nader','2a0859f29d123d0b55e692bdbcf3b6faf98',' Customer'),
('56','vlang','97cc93ad31a24ba1ef83fbf611d4b4e5b3b',' Instructor'),
('57','addie09','bac002012e0d1cffc09ba0469723866de6b',' Customer'),
('58','edaniel','f0b44b0e10444e1893f0bce6ad1879003c9',' Customer'),
('59','satterfield.ari','f79a5badf65c6a0b0d4e8432f26fb0c5001',' Instructor'),
('60','zdenesik','46f374773bc50cae1ca14cdd8a5a5272272',' Instructor'),
('61','atowne','bab73b4d7237f307755a47ad699d771dce3',' Instructor'),
('62','eve.rau','65f70952b4526146a5b30ec2213032cb446',' Customer'),
('63','dickinson.parker','caf6a4d7b2cf223fc0beeb4dce1efe3ef67',' Instructor'),
('64','blanda.felipa','ab93bf0d17f6e686529e88a7bf86537c662',' Instructor'),
('65','gwintheiser','b7f4ec74d09b1f0b48c9307147dd26f654f',' Customer'),
('66','nikolaus.alfred','a134f4b8cbac7d5a54e23e2b487f60258f2','Mechanic'),
('67','vita.flatley','be2df2b707e402408e9f48b4e97adb4b997',' Instructor'),
('68','rkeebler','7ab685123bea566df61af8023700a64e7a3',' Instructor'),
('69','bahringer.aida','d4f7f0baf2cc4e95fef20621a64a30cfc3c',' Customer'),
('70','jmcdermott','5caf5ae5367fd54da1e01864e469f3760ef','Mechanic'),
('71','fwuckert','ad9083d5008422cdd335ebc7df47f994c48',' Instructor'),
('72','aiyana13','ab785139f6f5611bd86d2a041948d9c21fc','Mechanic'),
('73','morissette.jean','d1a328891ffc4f38b809b49978ce0d0b7fa','Mechanic'),
('74','abbie.weber','abd1d8f967dc9889a1d01bfbd868824a918','Mechanic'),
('75','tobin.kirlin','1e54390417bcf9d53a91d870343bb4d1d09',' Instructor'),
('76','dianna58','cb3609838ca61d3addea73ee22e65766061',' Customer'),
('77','herman.retta','27cea68fb87df77e495d7c46ce217689477',' Customer'),
('78','arnaldo.borer','07ca79b07751e2f7835b53ce8d545d3403f','Mechanic'),
('79','kennedi12','9d79bfd4a30e4629ae20bc1e62c0f6c46f3','Mechanic'),
('80','mrmanagerman','85346a65a51b142f0fa01415a5777c1c551a6488',' Manager'),
('81','mrmngr','25856d3cf9e5c21351ae70c5ced293167d92062e',' Manager'),
('82','imcoolmanager','0cef684368acb7d15229b97087f0185485abe60e','Manager'),
('83','thebestmanager','02f2496bc6d87dffd760b41975971affc36716e8','Manager'),
('84','crystal.bins','8ca8ad4169e398be90a21b75ba81158e42a','Mechanic'); 

#AIRCRAFT_PARTS
#INSERT INTO `aircraft_parts` VALUES ('1',' Medium',' Small',' Small',' Small',' Small','1','1','1','1','1'),
('2',' Small',' Fast',' Slow',' Small',' Fast','1','1','1','1','1'),
('3',' Small','Big',' Slow',' Slow',' Medium','1','1','1','1','1'),
('4','Big',' Slow',' Medium',' Medium',' Fast','1','1','1','1','1'),
('5',' Fast',' Small',' Slow',' Fast','Big','1','1','1','1','1'),
('6',' Slow',' Medium',' Small',' Fast',' Small','1','1','1','1','1'),
('7',' Fast','Big',' Small',' Small',' Small','1','1','1','1','1'),
('8','Big',' Fast','Big','Big',' Small','1','1','1','1','1'),
('9',' Slow',' Fast',' Small',' Medium',' Slow','1','1','1','1','1'),
('10','Big','Big',' Medium',' Small',' Fast','1','1','1','1','1'),
('11','Big','Big',' Slow',' Medium',' Small','1','1','1','1','1'),
('12','Big',' Medium',' Small','Big',' Small','1','1','1','1','1'),
('13',' Medium',' Small',' Fast','Big',' Medium','1','1','1','1','1'),
('14',' Fast',' Small',' Slow',' Medium',' Medium','1','1','1','1','1'),
('15',' Fast','Big',' Slow',' Small','Big','1','1','1','1','1'),
('16','Big',' Small',' Slow','Big','Big','1','1','1','1','1'),
('17','Big',' Medium',' Medium',' Fast',' Fast','1','1','1','1','1'),
('18',' Fast',' Medium',' Small',' Small',' Slow','1','1','1','1','1'),
('19',' Slow','Big',' Medium','Big',' Fast','1','1','1','1','1'),
('20',' Slow',' Small',' Fast',' Slow','Big','1','1','1','1','1'),
('21',' Medium','Big',' Fast','Big',' Slow','1','1','1','1','1'),
('22','Big',' Small',' Slow',' Slow',' Slow','1','1','1','1','0'),
('23',' Fast',' Medium',' Fast',' Small',' Medium','1','1','1','1','1'),
('24',' Small',' Slow',' Medium',' Medium','Big','1','1','1','1','1'),
('25',' Medium',' Slow',' Medium',' Fast',' Slow','1','1','1','1','1'),
('26',' Slow',' Slow',' Medium','Big',' Slow','1','1','1','1','1'),
('27',' Fast',' Fast','Big',' Slow',' Medium','1','1','1','1','1'),
('28','Big',' Small',' Slow',' Fast',' Medium','1','1','1','1','1'),
('29',' Small','Big','Big',' Small',' Small','1','1','1','1','1'),
('30',' Small','Big',' Medium','Big',' Fast','1','1','1','1','1'),
('31','Big','Big','Big',' Fast',' Small','1','1','1','1','1'),
('32',' Medium',' Fast',' Small',' Fast',' Small','1','1','1','1','1'),
('33',' Small','Big','Big',' Fast','Big','1','0','1','1','1'),
('34',' Medium',' Small',' Slow',' Fast',' Slow','1','1','1','1','1'),
('35',' Medium','Big',' Small',' Slow',' Fast','1','1','1','1','1'),
('36',' Medium',' Slow',' Medium',' Medium',' Medium','1','1','1','1','1'),
('37','Big',' Fast',' Medium',' Slow',' Fast','1','1','1','1','1'),
('38',' Slow',' Small',' Small','Big',' Medium','1','1','1','1','1'),
('39',' Slow','Big',' Small',' Fast',' Slow','1','1','1','1','1'),
('40','Big',' Medium',' Medium','Big',' Slow','1','1','1','1','1'),
('41',' Slow',' Small',' Fast',' Slow',' Fast','1','1','1','1','1'),
('42','Big',' Small',' Slow',' Medium',' Slow','1','1','1','1','1'),
('43','Big',' Small',' Small','Big','Big','1','1','1','1','1'),
('44',' Slow','Big',' Medium',' Fast',' Slow','1','1','1','1','1'),
('45',' Small',' Fast',' Fast',' Small',' Medium','1','1','1','0','1'),
('46',' Slow',' Medium',' Fast','Big',' Fast','1','1','1','1','1'),
('47','Big','Big',' Fast',' Medium','Big','1','1','1','1','1'),
('48',' Slow',' Fast',' Slow',' Medium',' Small','1','0','1','1','1'),
('49',' Medium',' Small',' Small',' Fast',' Small','1','1','1','1','1'),
('50',' Slow','Big','Big',' Small',' Fast','1','1','1','1','1'),
('51',' Medium',' Slow','Big',' Fast',' Slow','1','1','1','1','1'),
('52','Big',' Slow',' Slow','Big','Big','1','1','1','1','1'),
('53',' Slow','Big','Big','Big','Big','1','1','0','1','1'),
('54','Big',' Slow',' Medium',' Medium',' Slow','1','1','1','1','1'),
('55',' Medium',' Slow','Big','Big',' Small','1','1','1','1','1'),
('56',' Slow',' Medium',' Small',' Medium',' Small','1','1','1','1','1'),
('57','Big',' Medium',' Medium',' Small',' Small','1','1','1','1','1'),
('58',' Slow','Big',' Medium',' Fast',' Slow','1','1','1','1','1'),
('59','Big',' Slow',' Fast',' Fast',' Slow','1','1','1','1','1'),
('60','Big',' Small','Big',' Fast',' Small','1','1','1','1','1'),
('61',' Slow',' Fast',' Fast',' Small',' Slow','1','1','1','1','1'),
('62',' Fast',' Small','Big',' Fast','Big','1','1','1','1','1'),
('63',' Slow','Big',' Slow',' Small',' Slow','1','1','1','1','1'),
('64',' Medium',' Medium',' Medium',' Slow','Big','1','1','1','1','1'),
('65',' Small',' Fast',' Slow',' Small',' Medium','1','1','1','1','1'),
('66',' Small',' Small',' Medium',' Slow',' Slow','1','1','1','1','1'),
('67',' Fast',' Small',' Slow',' Medium',' Medium','1','1','1','1','1'),
('68',' Slow',' Medium',' Slow',' Slow',' Small','1','1','1','1','1'),
('69',' Slow',' Fast',' Small',' Fast',' Medium','1','1','1','1','1'),
('70',' Medium',' Small',' Slow',' Fast',' Slow','1','1','1','1','1'),
('71',' Medium',' Medium',' Slow',' Slow',' Small','1','1','1','1','1'),
('72',' Small','Big',' Fast',' Slow',' Small','1','1','1','1','1'),
('73',' Fast','Big',' Medium',' Medium',' Small','1','1','1','1','1'),
('74',' Medium',' Small',' Medium','Big',' Slow','1','1','1','1','1'),
('75','Big',' Fast',' Slow',' Small',' Medium','1','1','1','1','1'),
('76','Big',' Medium',' Small',' Small',' Fast','1','1','1','1','1'),
('77',' Medium',' Medium',' Small',' Small',' Fast','1','1','1','1','1'),
('78',' Slow',' Fast',' Medium',' Fast','Big','1','0','1','1','1'),
('79','Big',' Slow',' Medium',' Medium',' Slow','1','1','1','1','1'),
('80',' Medium','Big','Big',' Small',' Fast','1','1','1','1','1'); 

#AIRFIELD
#INSERT INTO `airfield` VALUES ('Barrows','UK1','69'),
('Bechtelar',' UK2','88'),
('Bins',' UK2','62'),
('Bode','UK1','83'),
('Braun',' Finland','47'),
('Bruen','UK1','67'),
('Conroy',' Finland','79'),
('Considine','UK1','94'),
('Corwin',' US','94'),
('Cummerata','UK1','75'),
('Dietrich','UK1','34'),
('Ferry',' US','17'),
('Haley','UK1','25'),
('Hammes','UK1','50'),
('Hartmann',' US','53'),
('Hettinger',' Finland','18'),
('Hilpert',' Finland','68'),
('Hoppe',' UK2','89'),
('Howell',' Finland','47'),
('Hudson',' US','27'),
('Huels','UK1','13'),
('Jaskolski',' Finland','55'),
('Klein','UK1','95'),
('Kreiger',' Finland','64'),
('Lang',' Finland','70'),
('Larson',' US','74'),
('Leuschke','UK1','37'),
('Littel',' US','55'),
('Lueilwitz','UK1','94'),
('Luettgen',' UK2','29'),
('Mayer',' US','59'),
('Mertz',' Finland','81'),
('Monahan',' UK2','83'),
('O-Connell','UK1','84'),
('Orn',' US','86'),
('Reichel','UK1','22'),
('Reichert','UK1','74'),
('Rippin',' Finland','66'),
('Schaefer',' Finland','13'),
('Senger','UK1','63'),
('Stanton',' Finland','21'),
('Stoltenberg',' US','61'),
('Tremblay',' UK2','89'),
('Veum',' UK2','75'),
('Wehner',' UK2','98'),
('West',' US','69'),
('Williamson',' UK2','74'),
('Wolf',' US','31'),
('Ziemann',' UK2','67'),
('Zieme',' UK2','44'); 

#BRANCH
#INSERT INTO `branch` VALUES (' US','Cape Canaveral, Florida, USA'),
(' Finland','Isonkankaantie 355, 90480 Hailuoto, Finland'),
(' UK2','Auldhame Farm Cottage, A198, North Berwick EH39 5PW'),
('UK1','5 Guy Cl, Broadstairs CT10 3NF'); 

#SUPPLIER
#INSERT INTO `supplier` VALUES ('1','Russel Inc','+62(6)878737549'),
('2','Berge-Lang','(158)613-3762'),
('3','Hand Group','161.010.2579'),
('4','Labadie Inc','1-362-616-1166'),
('5','Will, Moen and Littel','550.052.1321x22'),
('6','Rutherford, Kertzmann and Robel','(593)475-4854x6'),
('7','Hegmann, Schmeler and Rohan','(153)356-7740x3'),
('8','Jakubowski-Boyer','01160056309'),
('9','Wunsch and Sons','+31(8)055958573'),
('10','Stark, Green and Halvorson','020-665-1189'),
('11','Mueller Inc','791.901.2974x26'),
('12','Boyle Inc','(487)001-2087x2'),
('13','Schuster, Romaguera and Dach','1-659-957-4902'),
('14','Schmidt-Glover','04682417332'),
('15','Padberg PLC','985-565-9784'),
('16','Dickinson Group','136.916.0070x11'),
('17','Bradtke Inc','739-796-2085'),
('18','Nicolas Group','05721829476'),
('19','Hilpert Inc','(047)051-8948x9'),
('20','Stark and Sons','846.072.8574'),
('21','Bode-Homenick','293-870-6392'),
('22','Hegmann, Bradtke and Sauer','879.862.2347x82'),
('23','Mayert LLC','387.553.7889x86'),
('24','Will, Stoltenberg and Ondricka','08158072800'),
('25','Barton-Leannon','(930)519-4217x9'),
('26','Nitzsche Group','1-947-458-6087x'),
('27','Yundt, Ernser and Klein','(186)158-3925x8'),
('28','Casper-Kreiger','567.701.6380'),
('29','Hermiston and Sons','+68(9)234238354'),
('30','Jakubowski, Prosacco and Sipes','(420)464-5717');

#HANGAR
#INSERT INTO `hangar` VALUES ('1','Altar'),
('2','Bechtelar'),
('3','Bins'),
('4','Bode'),
('5','Braun'),
('6','Bruen'),
('7','Conroy'),
('8','Considine'),
('9','Corwin'),
('10','Cummerata'),
('11','Dietrich'),
('12','Ferry'),
('13','Haley'),
('14','Hammes'),
('15','Hartmann'),
('16','Hettinger'),
('17','Hilpert'),
('18','Hoppe'),
('19','Howell'),
('20','Hudson'),
('21','Huels'),
('22','Jaskolski'),
('23','Klein'),
('24','Kreiger'),
('25','Lang'),
('26','Larson'),
('27','Leuschke'),
('28','Littel'),
('29','Lueilwitz'),
('30','Luettgen'),
('31','Mayer'),
('32','Mertz'),
('33','Monahan'),
('34','O-Connell'),
('35','Orn'),
('36','Reichel'),
('37','Reichert'),
('38','Rippin'),
('39','Schaefer'),
('40','Senger'),
('41','Stanton'),
('42','Stoltenberg'),
('43','Tremblay'),
('44','Veum'),
('45','Wehner'),
('46','West'),
('47','Williamson'),
('48','Wolf'),
('49','Ziemann'),
('50','Zieme');

#STAFF


#AIRCRAFT


#LECTURE


#TEACHES